Plot,Year,Latitude,Longitude,spp1,rba1,spp2,rba2,CAR,CAR_sd,CEL,CEL_sd,ADF,ADF_sd,ADL,ADL_sd,LMA,LMA_sd,NIT,NIT_sd,N15,N15_sd,,
AK01,2009,44.452064,-73.741362,PIST,0.49,PIRE,0.35,51.15,0.116,17.89,0.307,44.38,0.689,27.40,0.467,163.25,3.563,1.55,0.029,-2.06,0.298,,
AK02,2009,44.503280,-73.907468,ABBA,0.29,ACRU,0.27,51.09,0.118,15.09,0.352,35.10,0.832,20.84,0.525,124.01,2.464,1.81,0.034,-4.25,0.204,,
AK03B,2009,44.059720,-73.657538,PIST,0.65,PIRE,0.23,51.51,0.286,19.55,0.702,50.38,1.306,28.97,1.116,157.57,9.991,1.25,0.069,-2.25,0.525,,
AK06,2009,44.321100,-73.899105,THOC,0.70,ABBA,0.11,50.66,0.210,16.52,0.626,42.68,1.026,27.38,0.797,169.29,3.081,1.40,0.040,-3.68,0.386,,
AK08,2009,44.319901,-73.897095,ACSM,0.49,FAGR,0.32,49.76,0.200,16.53,0.737,39.50,1.119,22.32,0.807,89.37,5.091,2.11,0.041,-5.35,0.478,,
AK09,2009,43.894093,-73.742206,PIST,0.56,TSCA,0.15,51.13,0.170,16.69,2.479,43.71,4.469,26.27,1.094,129.90,8.094,1.61,0.061,-3.04,0.858,,
AK11,2009,44.292497,-74.180802,THOC,0.34,TSCA,0.26,49.79,0.292,13.72,0.939,36.61,1.440,21.58,0.997,135.11,5.683,1.45,0.075,-5.12,0.625,,
AK12,2009,44.291903,-74.180898,TSCA,0.82,BEAL,0.11,50.38,0.196,11.46,0.818,27.20,1.545,14.15,1.036,121.53,1.368,1.52,0.032,-5.18,0.481,,
AK1300,2009,44.370748,-73.896081,ABBA,0.98,BEPA,0.02,52.69,1.009,14.67,3.411,42.30,4.128,25.29,2.742,163.74,15.825,1.49,0.167,-3.23,2.131,,
AK13B,2009,44.398253,-73.886754,ABBA,0.35,BEPA,0.34,51.87,0.291,16.27,1.053,43.73,1.739,23.52,1.288,123.79,3.883,1.70,0.068,-4.86,0.693,,
AK14B,2009,44.251400,-74.236033,TSCA,0.87,ACSM,0.07,50.48,0.258,14.80,0.919,32.30,1.522,14.73,1.148,151.55,3.751,1.20,0.046,-6.88,0.599,,
AK16,2009,44.205115,-74.325710,PIRE,0.55,PIST,0.21,51.79,0.338,16.98,0.903,49.10,1.675,30.07,1.332,173.17,5.595,1.17,0.044,-2.39,0.783,,
AK17,2009,43.995301,-74.243694,PIRU,0.62,BEAL,0.13,49.89,0.236,20.54,0.790,47.06,1.446,24.74,1.193,150.75,4.397,1.39,0.056,-6.74,0.532,,
AK18,2009,43.994896,-74.245096,PIRU,0.53,ACRU,0.19,50.58,0.301,13.62,0.850,37.62,1.517,21.89,1.251,143.33,4.810,1.49,0.062,-5.36,0.690,,
AK20,2009,43.974050,-74.223633,ABBA,0.54,PIST,0.16,50.94,0.336,15.72,0.828,42.03,1.343,25.43,1.096,128.85,2.112,1.84,0.039,-4.54,0.702,,
AK21,2009,43.994702,-74.243003,FAGR,0.29,BEAL,0.22,49.81,0.173,18.68,1.098,42.20,1.460,23.33,0.682,104.27,4.659,2.00,0.057,-6.09,0.413,,
AK22,2009,43.983517,-74.233500,FAGR,0.59,ACSM,0.33,50.42,0.234,16.89,0.641,40.80,1.311,24.15,0.892,74.61,7.405,2.13,0.036,-6.26,0.521,,
AK23,2009,44.003796,-74.245694,ACSM,0.40,TIAM,0.24,49.48,0.216,15.28,0.797,38.85,1.263,23.40,0.846,75.50,2.285,2.59,0.040,-4.09,0.457,,
AK24,2009,44.004602,-74.249201,FAGR,0.43,ACSM,0.25,50.16,0.200,17.08,0.652,38.14,1.374,21.84,0.864,75.71,5.557,2.59,0.055,-4.96,0.525,,
AK26,2009,44.234104,-74.208973,ABBA,0.72,PIRU,0.16,50.91,0.221,14.76,0.531,40.94,1.011,25.16,0.800,171.51,3.827,1.65,0.031,-3.32,0.405,,
AK27,2009,43.975823,-74.478110,FAGR,0.41,ACSM,0.32,50.05,0.431,17.40,1.097,42.36,1.964,24.97,1.497,77.79,5.559,2.02,0.141,-5.70,0.586,,
AK29,2009,43.697888,-74.328405,FAGR,0.48,ACSM,0.33,49.57,0.212,18.24,0.754,42.05,1.464,24.86,0.904,86.61,2.567,1.97,0.046,-6.13,0.389,,
AK31,2009,43.804598,-74.333800,FAGR,0.37,ACSM,0.32,50.69,0.258,15.99,0.703,42.35,1.502,25.17,1.147,76.55,1.184,1.99,0.043,-6.03,0.746,,
AK32,2009,43.794101,-74.650395,FAGR,0.53,BEAL,0.26,49.31,0.337,20.78,1.044,45.26,1.605,24.62,1.190,77.87,4.261,1.97,0.078,-6.90,0.547,,
AK33,2009,43.765195,-74.610198,PIRU,0.66,ABBA,0.24,50.20,0.252,23.42,0.825,51.01,1.443,25.31,1.299,149.32,3.596,0.96,0.053,-7.75,0.517,,
AK35,2009,43.250400,-74.309999,TSCA,0.50,QURU,0.21,50.12,0.236,16.29,1.176,35.22,2.068,18.13,1.063,126.38,5.273,1.57,0.066,-5.94,0.553,,
AK36B,2009,43.740251,-74.459147,ACSM,0.44,FAGR,0.37,50.40,0.318,18.49,1.615,42.11,2.389,22.67,1.165,85.69,6.591,2.26,0.179,-5.50,0.770,,
AK37,2009,43.254896,-74.310601,QURU,0.55,FAGR,0.28,50.57,0.135,18.11,0.699,41.76,1.365,24.77,0.549,90.28,4.200,2.54,0.034,-4.56,0.333,,
AK38,2009,43.837801,-74.782603,ACSM,0.35,FAGR,0.27,50.27,0.338,18.32,1.247,44.53,1.979,25.76,1.155,94.52,6.103,2.05,0.154,-6.10,0.658,,
AK44,2009,43.743074,-74.710665,FAGR,0.53,BEAL,0.20,50.87,0.341,15.10,1.035,40.25,1.710,23.48,1.059,90.20,7.402,2.32,0.065,-6.47,0.653,,
AK46,2009,43.737784,-74.701948,ACRU,0.35,FAGR,0.35,50.36,0.239,17.80,0.880,42.92,1.441,24.38,0.854,88.95,5.094,2.23,0.057,-5.41,0.451,,
AK47B,2009,43.704617,-74.774667,FAGR,0.49,ACRU,0.33,51.22,0.323,16.18,0.878,45.68,1.718,28.26,1.201,59.92,2.922,2.69,0.035,-4.28,0.656,,
AK50B,2009,43.677218,-75.059709,ACSM,0.45,FAGR,0.37,49.76,0.253,22.22,0.760,46.02,1.336,22.49,1.058,69.50,6.622,2.26,0.043,-7.98,0.431,,
AK51B,2009,43.660909,-74.801883,ACRU,0.31,BEAL,0.21,49.17,0.341,18.14,1.460,39.39,2.129,21.60,0.959,96.59,5.840,1.96,0.104,-5.17,0.517,,
AK52,2009,43.414203,-74.628798,FAGR,0.58,ACSM,0.29,50.28,0.191,20.17,0.833,48.31,1.334,28.51,0.877,100.70,2.308,1.76,0.033,-5.62,0.492,,
AK54,2009,43.411797,-74.625305,PIST,0.75,BEAL,0.07,51.35,0.250,22.03,0.853,52.82,1.350,29.13,1.190,128.74,3.059,1.55,0.040,-3.76,0.584,,
AK57,2009,43.735635,-74.509520,PIRU,0.41,ABBA,0.34,51.73,0.135,15.55,0.467,41.23,1.020,25.34,0.696,161.10,2.951,1.62,0.041,-4.80,0.293,,
AK58,2009,43.509498,-74.912299,PIRU,0.40,ABBA,0.33,51.16,0.228,15.87,0.636,44.47,1.103,26.13,0.830,149.86,2.619,1.56,0.042,-5.60,0.475,,
AK59,2009,43.504900,-74.895197,FAGR,0.43,ACSM,0.35,49.91,0.240,20.49,0.732,45.75,1.342,25.03,0.899,77.99,6.983,2.73,0.051,-5.23,0.357,,
AK60,2009,43.582058,-74.510669,ABBA,0.93,BEPA,0.08,53.86,0.520,11.60,1.411,40.67,2.636,23.49,1.990,174.66,5.967,1.55,0.041,-0.81,1.130,,
AK61,2009,43.859225,-75.106429,ACRU,0.38,PRSE,0.35,48.12,0.230,20.29,0.764,39.96,1.257,20.14,1.018,84.94,10.263,1.84,0.053,-6.88,0.493,,
BH02,2008,43.372407,-89.907106,TSCA,0.55,QURU,0.23,49.82,0.118,14.03,0.679,28.44,1.159,15.03,0.916,113.83,2.120,2.09,0.053,-4.33,0.387,,
BH03,2008,43.391867,-89.845353,ACSM,0.76,QUAL,0.11,48.91,0.129,13.79,0.323,28.26,0.626,14.26,0.541,68.32,0.442,2.57,0.028,-3.68,0.214,,
BH05,2008,43.407996,-89.823127,ACSM,0.90,CACO,0.03,48.48,0.126,15.41,0.362,29.08,0.698,13.74,0.549,57.12,0.572,2.49,0.021,-3.69,0.245,,
BH06,2008,43.428794,-89.829338,CAOV,0.57,QUAL,0.19,46.87,0.222,18.49,0.366,36.75,0.918,17.37,0.485,52.06,1.835,3.08,0.018,-3.78,0.235,,
BH07,2008,43.419923,-89.801136,POTR,0.43,ACSM,0.23,49.26,0.128,16.14,0.530,30.38,0.834,18.35,0.604,66.12,0.776,2.97,0.028,-3.12,0.213,,
BH10,2008,43.405221,-89.761911,ACRU,0.71,ACSM,0.12,49.46,0.147,12.91,0.362,26.16,0.660,15.10,0.522,71.22,1.048,2.47,0.024,-3.42,0.219,,
BH11,2008,43.387963,-89.746492,PIST,0.73,PODE,0.18,49.85,0.194,15.92,0.585,35.96,1.188,21.33,0.850,115.07,1.917,2.03,0.051,-0.78,0.427,,
BH12,2008,43.393538,-89.740062,QURU,0.49,QUAL,0.22,49.19,0.112,15.46,0.372,33.62,0.508,19.21,0.497,85.63,1.574,2.75,0.017,-4.28,0.214,,
BH14,2008,43.415682,-89.723482,CAOV,0.25,QURU,0.25,48.61,0.171,16.50,0.278,37.44,0.565,21.27,0.435,109.97,2.730,2.48,0.040,-2.80,0.219,,
BH15,2008,43.415335,-89.697692,PIST,0.54,QUAL,0.18,49.59,0.129,15.05,0.336,36.26,0.882,21.86,0.630,101.24,1.316,2.29,0.057,-2.18,0.305,,
BH16,2008,43.435204,-89.708653,FRPE,0.36,ACRU,0.28,47.43,0.120,15.48,0.452,31.15,0.891,18.50,0.662,61.13,0.478,2.87,0.025,-2.23,0.175,,
BI01,2008,43.651921,-89.788469,ACSM,0.61,QURU,0.21,49.02,0.106,14.68,0.341,30.07,0.627,16.10,0.592,72.39,0.983,2.86,0.029,-3.48,0.181,,
BI01,2010,43.651921,-89.788469,ACSM,0.47,QURU,0.37,50.26,0.336,14.56,0.642,36.72,1.231,21.79,1.109,91.40,3.456,2.82,0.036,-3.36,0.583,,
BI02,2008,43.652046,-89.791557,ACSM,0.38,QURU,0.23,49.53,0.094,17.24,0.254,35.95,0.456,21.08,0.472,72.70,1.356,2.84,0.033,-3.77,0.156,,
BI02,2010,43.652046,-89.791557,ACSM,0.36,QURU,0.34,50.68,0.306,13.94,0.689,38.24,1.217,23.27,1.083,96.75,2.796,2.63,0.037,-3.78,0.561,,
BI03,2008,43.650715,-89.790020,ACSM,0.54,QURU,0.26,49.13,0.114,16.14,0.352,33.14,0.602,18.06,0.601,71.03,1.040,2.90,0.043,-3.76,0.183,,
BI03,2010,43.650715,-89.790020,QURU,0.44,ACSM,0.42,51.64,0.410,12.99,0.962,38.53,1.545,24.75,1.299,99.38,3.560,2.70,0.042,-3.85,0.817,,
BI04,2008,43.651376,-89.795527,QURU,0.62,ACRU,0.14,49.86,0.092,18.13,0.374,37.74,0.574,22.40,0.499,92.01,2.310,2.76,0.035,-3.14,0.228,,
BI04,2010,43.651376,-89.795527,QURU,0.70,ACRU,0.14,51.52,0.573,14.19,1.436,44.43,2.521,30.02,2.086,103.20,4.325,2.61,0.061,-2.70,1.221,,
BI05,2008,43.649941,-89.800066,PIST,0.65,PIRE,0.30,50.03,0.105,19.54,0.374,44.03,0.823,25.25,0.577,163.67,2.643,1.66,0.016,-2.01,0.300,,
BI05,2010,43.649941,-89.800066,PIST,0.60,PIRE,0.29,50.83,0.140,18.51,0.403,46.34,0.762,26.62,0.636,139.21,7.713,1.78,0.022,-1.95,0.402,,
BI06,2008,43.649093,-89.796174,PIST,0.57,QURU,0.16,49.89,0.105,17.78,0.326,40.04,0.725,23.13,0.537,122.79,1.777,2.13,0.047,-1.96,0.298,,
BI06,2010,43.649093,-89.796174,PIST,0.62,QURU,0.12,50.37,0.132,17.47,0.623,42.08,0.572,24.39,0.428,138.47,7.671,1.87,0.061,-2.20,0.434,,
BI07,2010,43.652251,-89.794458,ACRU,0.40,QURU,0.39,51.20,0.401,12.26,0.974,37.43,1.794,24.30,1.437,102.69,3.238,2.69,0.046,-3.03,0.804,,
BI08,2010,43.652612,-89.797097,PIST,0.79,ACRU,0.08,50.28,0.167,17.74,0.516,44.88,0.937,25.59,0.769,136.50,10.014,1.88,0.026,-1.25,0.500,,
BI09,2010,43.653120,-89.789907,QURU,0.36,ACSM,0.21,49.74,0.234,13.51,0.578,33.23,0.817,19.92,0.688,93.14,2.380,2.79,0.050,-3.32,0.372,,
BI10,2010,43.651122,-89.787066,ACSM,0.30,QURU,0.30,50.30,0.244,13.72,0.559,36.10,0.977,21.76,0.762,90.35,2.351,2.71,0.044,-3.56,0.457,,
DC02,2010,43.056497,-89.407675,ACSN,0.92,PODE,0.06,49.72,0.227,8.66,0.737,19.18,1.221,11.97,1.042,91.67,1.202,2.34,0.046,-2.45,0.499,,
DC02,2011,43.056637,-89.407674,ACSN,0.81,ACNE,0.08,49.43,0.583,8.92,2.336,20.59,5.335,12.86,2.898,86.73,2.860,2.47,0.159,-1.85,0.826,,
DC03,2010,43.046001,-89.424058,ACSM,0.43,QUAL,0.24,49.29,0.123,13.10,0.435,30.38,0.771,16.38,0.631,93.83,3.553,2.70,0.062,-2.43,0.260,,
DC03,2011,43.045998,-89.423997,ACSM,0.54,QUAL,0.29,49.27,0.436,12.59,1.284,29.49,2.417,15.49,1.981,96.30,8.201,2.74,0.207,-2.09,0.722,,
DC04,2010,43.045415,-89.428549,PISY,0.68,PRSE,0.13,50.31,0.282,18.41,0.714,42.13,1.378,23.37,1.119,157.92,2.824,2.21,0.053,-1.82,0.433,,
DC04,2011,43.045385,-89.428569,PISY,0.52,PIRE,0.18,50.54,0.408,18.44,0.911,43.10,1.768,24.25,1.335,165.13,6.233,2.06,0.114,-1.90,0.467,,
DC05,2010,43.038217,-89.438258,PIRE,0.64,PIST,0.16,51.36,0.145,18.81,0.642,47.44,0.931,29.14,0.666,184.32,2.268,1.50,0.042,-1.05,0.293,,
DC05,2011,43.038181,-89.438249,PIRE,0.62,PIST,0.17,50.69,0.554,17.20,1.103,42.81,2.072,25.46,1.546,176.85,5.563,1.76,0.154,-1.01,0.580,,
DC08,2010,43.056072,-89.423047,TIAM,0.20,FRPE,0.13,48.00,0.137,16.14,0.529,37.08,1.032,22.20,0.666,85.51,3.358,2.62,0.079,-2.06,0.246,,
DC09,2010,43.066524,-89.444185,QUMA,0.72,QURU,0.08,49.41,0.117,16.23,0.340,36.41,0.720,21.66,0.584,112.17,1.569,2.59,0.027,-3.99,0.212,,
DC10,2010,43.073068,-89.441459,CEOC,0.38,ROPS,0.32,46.79,0.316,14.36,0.881,29.75,2.640,17.76,2.209,68.17,2.940,3.00,0.114,-0.89,0.494,,
DC12,2010,43.074808,-89.486230,ACSM,0.51,QUAL,0.14,49.21,0.139,14.34,0.607,31.14,0.892,17.27,0.666,80.68,1.844,2.62,0.046,-3.78,0.247,,
DC12,2011,43.074836,-89.486214,ACSM,0.43,ACRU,0.24,49.17,0.421,13.01,1.159,29.54,2.180,16.69,1.691,79.69,3.913,2.47,0.173,-3.75,0.584,,
DC13,2010,43.074324,-89.485336,QUAL,0.59,QURU,0.18,49.82,0.123,15.80,0.669,33.65,0.999,19.65,0.820,98.09,1.231,3.03,0.040,-3.80,0.311,,
DC13,2011,43.074357,-89.485410,QUAL,0.66,QURU,0.16,49.41,0.459,15.38,1.127,35.59,1.933,20.54,1.788,96.48,8.966,3.06,0.178,-3.60,0.549,,
DC14,2010,43.045429,-89.399428,PODE,0.56,ACNE,0.16,48.83,0.204,12.70,0.649,31.78,1.210,20.00,0.854,80.51,2.623,2.82,0.074,-1.00,0.382,,
DC15,2010,43.037738,-89.437541,PIST,0.63,PRSE,0.17,50.86,0.326,18.01,1.383,47.59,1.881,31.68,1.355,159.75,2.034,1.78,0.080,-0.07,0.781,,
DC15,2011,43.037668,-89.437521,PIST,0.70,PRSE,0.14,50.93,0.492,15.35,1.531,39.66,3.055,23.97,1.663,162.96,16.655,1.83,0.138,0.10,0.864,,
DC20,2010,43.085337,-89.427635,JUVI,0.76,MOAL,0.13,48.76,0.287,17.12,0.931,40.94,1.870,27.20,1.204,209.98,2.846,2.14,0.044,-2.01,0.625,,
DC20,2011,43.085366,-89.427626,JUVI,0.71,MOAL,0.10,48.70,0.539,16.90,1.304,40.07,2.492,26.52,1.906,201.81,9.770,2.18,0.151,-1.80,0.681,,
DC21,2010,43.086415,-89.428922,ROPS,0.76,CEOC,0.05,47.94,0.191,16.90,0.755,35.39,1.184,22.92,0.991,59.66,2.647,3.31,0.051,-0.89,0.495,,
DC21,2011,43.086526,-89.429036,ROPS,0.68,CEOC,0.13,47.83,0.610,16.37,1.302,34.14,6.213,21.98,4.946,60.98,7.518,3.31,0.297,-0.82,0.559,,
DC22,2010,43.085891,-89.429492,QUAL,0.63,PRSE,0.09,49.72,0.155,16.32,0.691,34.35,0.965,20.01,0.803,96.48,1.518,2.97,0.036,-3.32,0.395,,
DC22,2011,43.085888,-89.429469,QUAL,0.48,ULAM,0.12,48.69,0.391,15.81,0.893,35.04,1.598,20.19,1.471,93.72,8.463,2.88,0.144,-2.95,0.450,,
DC23,2010,43.090128,-89.430312,QURU,0.73,PRSE,0.10,50.01,0.168,16.94,0.787,37.04,0.979,23.89,0.743,109.08,1.047,3.08,0.039,-2.56,0.284,,
DC23,2011,43.090094,-89.430360,QURU,0.64,PRSE,0.08,49.03,0.400,16.00,0.392,34.26,1.053,22.28,0.527,105.03,14.764,2.99,0.246,-1.95,0.479,,
DC24,2010,43.087796,-89.441737,ACSM,0.59,TIAM,0.22,47.33,0.185,12.08,0.434,26.71,0.763,15.19,0.491,77.86,2.978,2.61,0.084,-2.34,0.308,,
DC26,2011,43.045170,-89.425019,ACSM,0.32,QUAL,0.28,49.09,0.304,13.70,0.838,31.22,1.610,17.39,1.269,94.92,6.537,2.81,0.134,-2.48,0.479,,
DC30,2010,43.085390,-89.429205,QUMA,0.28,QUAL,0.28,48.49,0.221,15.94,0.533,34.88,0.987,20.07,0.893,99.17,4.565,2.93,0.080,-2.62,0.306,,
DC30,2011,43.085499,-89.429362,QUMA,0.30,QUAL,0.29,48.81,0.340,16.10,0.714,35.55,1.326,20.89,1.151,100.38,9.602,2.94,0.147,-2.88,0.400,,
DC31,2010,43.087116,-89.425258,QURU,0.57,QUAL,0.15,48.83,0.179,16.47,0.495,35.12,0.937,22.19,0.742,107.67,3.346,2.75,0.057,-2.31,0.271,,
DC31,2011,43.087079,-89.425328,QURU,0.37,QUAL,0.16,49.42,0.258,16.55,0.405,37.01,0.855,22.77,0.573,114.79,8.535,2.65,0.148,-2.38,0.317,,
DC32,2010,43.088191,-89.427583,ACSM,0.37,QURU,0.26,48.54,0.214,13.53,0.461,28.49,0.962,16.06,0.741,81.88,6.782,2.91,0.110,-2.36,0.295,,
DC32,2011,43.088226,-89.427606,ACSM,0.43,QUAL,0.23,48.46,0.219,13.60,0.484,29.52,0.935,16.65,1.355,84.82,8.801,2.78,0.177,-2.78,0.346,,
DC40,2010,43.071481,-89.489059,TIAM,0.26,QURU,0.21,49.37,0.162,16.22,0.717,34.43,0.889,21.36,0.694,90.33,1.585,3.00,0.047,-2.89,0.238,,
DC40,2011,43.071462,-89.489090,TIAM,0.31,QURU,0.18,48.10,0.381,14.75,0.680,34.01,2.383,20.53,1.108,90.62,5.227,2.85,0.133,-2.55,0.233,,
DC41,2010,43.155984,-89.387479,QUEL,0.33,CAOV,0.33,49.67,0.311,15.06,0.880,33.84,1.309,21.56,0.986,105.42,2.041,2.83,0.072,-2.54,0.416,,
DC41,2011,43.155959,-89.387501,QURU,0.32,CAOV,0.28,48.93,0.437,14.64,0.728,33.98,1.558,20.86,1.077,97.01,6.095,2.95,0.099,-2.04,0.410,,
DC42,2010,43.033988,-89.442340,PIST,0.79,PIRE,0.14,52.36,0.314,19.21,1.660,53.04,2.025,36.76,1.641,187.24,1.519,1.68,0.071,0.15,0.931,,
DC42,2011,43.034008,-89.442334,PIST,0.82,PIRE,0.13,51.36,0.528,16.29,1.742,41.68,3.329,25.07,1.901,169.18,19.590,1.68,0.147,0.32,0.960,,
DC43,2010,43.056480,-89.407122,ACSN,0.75,PODE,0.15,50.74,0.345,14.63,1.112,32.70,1.554,18.57,1.088,86.21,1.977,2.66,0.111,-2.11,0.750,,
DC43,2011,43.056529,-89.407033,ACSN,0.53,PODE,0.17,49.08,0.527,10.05,1.624,23.81,3.711,15.34,2.088,81.70,3.440,2.64,0.166,-1.41,0.631,,
DC44,2010,43.140370,-89.404621,QURU,0.47,QUAL,0.21,49.46,0.281,15.47,0.967,34.52,1.322,22.57,1.035,98.37,2.157,3.03,0.070,-2.92,0.308,,
DC44,2011,43.140404,-89.404640,QURU,0.54,FRAM,0.13,49.24,0.189,15.98,0.448,37.00,1.312,21.47,0.769,98.31,5.593,2.84,0.069,-3.13,0.251,,
DC45,2010,43.058659,-89.434529,QUAL,0.79,PRSE,0.10,49.86,0.266,15.15,1.263,29.84,1.999,18.26,1.594,105.01,1.454,2.86,0.066,-3.16,0.672,,
DC45,2011,43.058607,-89.434473,QUAL,0.81,ULAM,0.08,49.53,0.560,14.92,1.316,34.54,2.380,20.17,2.204,98.47,11.094,3.15,0.212,-3.44,0.705,,
DC49,2010,43.148241,-89.398224,PODE,0.66,ACNE,0.27,48.82,1.277,12.49,1.259,31.60,2.230,19.56,1.785,84.08,8.128,2.46,0.396,-0.53,0.699,,
DC50,2010,43.090062,-89.482144,LITU,0.22,QURU,0.15,48.94,0.207,13.62,0.554,32.97,1.199,19.67,0.838,100.07,4.178,2.74,0.075,-1.50,0.269,,
DC51,2010,43.135843,-89.403746,PIRE,0.77,ACNE,0.17,50.43,0.643,18.15,1.244,44.50,2.393,25.90,1.867,179.66,4.063,1.63,0.185,-0.69,0.691,,
DC51,2011,43.135827,-89.403690,PIRE,0.84,ACNE,0.10,50.68,0.689,18.45,1.348,45.30,2.508,26.18,2.003,184.46,3.485,1.59,0.195,-0.96,0.729,,
DC52,2010,43.033052,-89.442442,PIST,0.83,PIRE,0.09,51.37,0.535,16.02,1.858,41.67,3.510,25.12,1.895,166.85,20.433,1.73,0.162,0.26,1.012,,
DC52,2011,43.033075,-89.442493,PIST,0.88,PIRE,0.05,51.36,0.553,16.05,1.864,41.48,3.513,25.04,1.995,166.41,21.002,1.73,0.158,0.35,1.006,,
DC54,2011,42.946997,-89.584705,QUAL,0.65,PRSE,0.15,49.32,0.242,14.88,0.541,34.09,0.730,20.14,0.586,102.33,8.642,3.01,0.144,-3.33,0.313,,
DC55,2011,42.949551,-89.586754,QUAL,0.38,ULAM,0.17,48.87,0.269,15.31,0.435,34.34,0.906,20.07,0.773,98.21,7.397,2.94,0.097,-3.25,0.259,,
DC56,2011,42.947229,-89.587217,QUAL,0.81,QURU,0.08,49.69,0.088,15.70,0.501,35.57,0.350,20.61,0.385,100.28,10.764,3.04,0.165,-3.90,0.299,,
DC57,2011,43.106229,-89.489856,ACSN,0.49,PODE,0.39,49.45,0.751,10.18,1.552,24.46,3.346,15.41,2.062,86.85,4.591,2.48,0.246,-1.77,0.597,,
DC58,2011,43.109225,-89.488946,PODE,0.64,ACSN,0.18,49.35,1.112,10.95,1.163,28.24,2.237,18.07,1.689,84.39,7.135,2.65,0.372,-1.46,0.593,,
DC61,2011,43.041161,-89.417278,CAOV,0.47,QURU,0.24,47.48,0.398,15.98,0.819,36.45,1.617,21.67,1.259,92.09,6.587,3.01,0.124,-1.83,0.510,,
DC62,2011,43.042200,-89.418700,RHCA,0.27,CAOV,0.22,48.11,0.451,14.20,0.666,33.43,1.321,21.59,1.065,84.95,5.772,3.22,0.143,-1.19,0.415,,
DC66,2011,43.084041,-89.437507,ACSM,0.40,QUAL,0.29,48.05,0.271,13.30,0.566,29.18,1.143,16.26,1.426,81.83,8.488,2.84,0.170,-2.72,0.357,,
DC67,2011,43.091613,-89.431266,ACSN,0.54,FRAM,0.14,49.00,0.443,11.32,1.726,25.19,3.741,15.01,2.038,88.50,2.900,2.50,0.117,-1.71,0.592,,
DC70,2011,43.084928,-89.444436,QUAL,0.61,PRSE,0.10,49.39,0.435,15.22,1.049,34.45,1.863,20.26,1.672,104.98,8.618,2.92,0.167,-3.16,0.544,,
DC71,2011,43.046984,-89.424566,ACSM,0.49,QURU,0.32,49.42,0.403,13.48,1.231,31.15,2.270,16.73,1.901,99.77,9.227,2.76,0.191,-2.22,0.706,,
DC72,2011,43.036545,-89.436843,PIRE,0.56,PIST,0.27,50.74,0.516,17.29,1.100,43.26,2.166,25.47,1.497,173.81,7.599,1.69,0.139,-0.32,0.617,,
DC73,2011,43.036457,-89.436068,PIST,0.84,ACRU,0.13,51.35,0.544,15.50,1.882,39.79,3.539,23.93,1.915,156.20,20.688,1.75,0.162,0.13,0.984,,
GR01,2009,39.670753,-78.425428,QUPR,0.36,PIST,0.23,50.14,0.635,16.75,1.038,39.29,1.644,23.76,0.836,108.68,14.453,2.06,0.129,-2.34,0.730,,
GR02,2009,39.673140,-78.423018,QUPR,0.29,QUAL,0.13,50.03,0.623,15.13,0.942,34.77,1.499,20.72,0.900,89.55,11.391,2.26,0.129,-3.15,0.394,,
GR03,2009,39.669978,-78.411885,QUAL,0.40,NYSY,0.30,49.31,0.580,14.48,0.834,29.86,1.678,17.38,1.169,75.06,10.320,2.58,0.147,-4.16,0.417,,
GR04,2009,39.674757,-78.404333,QUAL,0.39,ACRU,0.23,49.89,0.515,15.27,0.748,32.55,1.554,18.46,1.134,74.38,9.639,2.47,0.135,-3.86,0.341,,
GR05,2009,39.676828,-78.525245,ACSM,0.36,QUAL,0.26,50.02,0.358,14.89,0.575,32.72,1.343,18.38,1.037,77.15,7.523,2.50,0.138,-3.96,0.515,,
GR06,2009,39.671723,-78.519739,ACSM,0.41,QUPR,0.31,49.94,0.616,15.26,1.020,34.72,1.512,19.86,0.926,80.12,12.934,2.28,0.173,-4.32,0.977,,
GR07,2009,39.688260,-78.484306,PIST,0.49,CAGL,0.20,50.93,0.434,16.83,1.391,42.09,2.571,25.97,1.534,135.26,23.500,1.71,0.087,-1.92,0.833,,
GR08,2008,39.694964,-78.466111,PIST,0.81,ACRU,0.06,50.33,0.129,18.05,0.679,45.94,1.197,27.93,0.911,160.04,2.673,1.64,0.039,-1.44,0.958,,
GR08,2009,39.694964,-78.466111,PIST,0.78,QURU,0.09,50.90,0.459,17.22,1.572,44.80,2.709,27.93,1.520,138.95,25.992,1.56,0.049,-1.45,0.959,,
GR09,2009,39.692448,-78.483460,PIST,0.83,QUAL,0.04,50.99,0.480,17.42,1.748,46.52,2.830,29.23,1.711,147.29,28.556,1.44,0.035,-1.24,1.058,,
GR10,2009,39.653255,-78.496802,QUAL,0.53,QURU,0.37,50.45,0.529,14.85,0.694,30.26,2.776,16.63,2.097,87.50,10.038,2.66,0.178,-3.92,0.361,,
GR11,2009,39.666293,-78.414367,ACRU,0.30,QUAL,0.25,49.90,0.493,14.32,0.811,30.47,1.283,17.17,1.134,76.98,9.589,2.37,0.115,-3.86,0.383,,
GR12,2009,39.659867,-78.511563,QUAL,0.18,QUPR,0.18,49.53,0.504,15.91,0.814,35.02,1.606,20.05,1.090,71.66,9.569,2.54,0.119,-3.69,0.312,,
GR14,2009,39.666760,-78.459268,PIST,0.57,ACRU,0.14,50.81,0.361,17.12,1.289,42.33,2.088,25.53,1.275,135.88,19.651,1.62,0.057,-1.99,0.803,,
GR15,2009,39.637244,-78.478366,PIVI,0.55,ACRU,0.18,50.54,0.458,18.31,1.040,39.34,1.946,22.06,1.548,136.64,9.460,1.71,0.130,-3.43,0.455,,
GR16,2009,39.668187,-78.457437,QUAL,0.37,ACSM,0.22,49.53,0.380,14.96,0.462,31.35,1.353,17.06,1.099,78.01,6.392,2.66,0.138,-3.81,0.364,,
GR18,2009,39.672750,-78.415503,ROPS,0.40,QUPR,0.27,49.01,0.870,17.14,1.250,38.04,4.114,24.56,3.451,72.31,17.507,3.02,0.218,-1.61,0.647,,
GR19,2009,39.648152,-78.386900,QURU,0.24,ACSM,0.24,49.67,0.286,15.10,0.496,33.80,1.783,19.01,1.425,82.19,7.320,2.44,0.109,-3.53,0.443,,
GR21,2009,39.605952,-78.430828,QUPR,0.33,ACSM,0.26,49.61,0.607,15.14,0.864,34.86,1.594,20.60,0.989,76.23,11.590,2.47,0.133,-3.44,0.532,,
IDS01,2008,39.670753,-78.425428,QUPR,0.43,PIST,0.26,49.99,0.094,17.18,0.415,39.72,0.831,23.78,0.632,111.87,1.701,1.97,0.045,-1.99,0.826,,
IDS05,2008,39.653255,-78.496802,QUAL,0.59,QURU,0.35,49.23,0.104,16.16,0.395,33.24,0.833,17.94,0.667,91.00,1.089,2.69,0.031,-4.00,0.380,,
IDS10,2008,39.673140,-78.423018,QUPR,0.43,QUVE,0.20,48.73,0.109,16.28,0.463,35.08,0.906,19.86,0.655,78.38,2.593,2.76,0.032,-4.04,0.345,,
IDS23,2008,39.608193,-79.149253,ACSM,0.42,LITU,0.15,48.39,0.124,15.07,0.344,35.43,0.668,21.49,0.575,75.81,1.323,2.74,0.045,-2.84,0.689,,
IDS25,2008,39.592356,-79.183151,LITU,0.58,TSCA,0.19,47.72,0.152,14.41,0.536,32.87,1.219,19.19,0.798,78.51,2.387,2.53,0.049,-2.03,0.606,,
IDS34,2008,39.665071,-78.971142,QURU,0.55,ACRU,0.25,49.91,0.114,16.03,0.472,37.14,0.875,22.66,0.708,99.87,1.639,2.77,0.045,-3.62,0.476,,
IDS35,2008,39.611706,-79.083810,TSCA,0.44,ACSM,0.19,49.66,0.122,15.70,0.423,36.32,0.781,20.68,0.624,98.02,2.900,2.01,0.051,-4.81,0.786,,
IDS36,2008,39.611925,-79.085442,ACSM,0.26,QURU,0.17,48.22,0.079,16.99,0.310,37.46,0.682,21.79,0.566,71.94,2.141,2.73,0.029,-3.83,0.447,,
IDS40,2008,39.557244,-79.209824,NYSY,0.31,QURU,0.25,49.37,0.116,14.06,0.340,32.37,0.715,18.02,0.510,81.95,0.659,2.36,0.029,-3.69,0.496,,
KM01,2009,43.572093,-88.187772,ACSM,0.63,FRAM,0.08,48.86,0.167,14.38,0.485,30.51,1.062,17.17,0.771,84.35,1.921,2.71,0.047,-4.50,0.279,,
KM02,2009,43.632442,-88.198751,FRNI,0.78,ULAM,0.16,47.57,0.235,8.79,0.784,23.15,1.107,15.11,0.987,78.34,2.902,2.76,0.066,-2.22,0.470,,
KM03,2009,43.671754,-88.135775,FRPE,0.86,ULAM,0.12,47.03,0.193,14.16,0.877,32.13,1.105,18.61,1.077,79.61,0.841,2.49,0.018,-3.74,0.484,,
KM04,2009,43.700946,-88.127923,ACSN,0.81,FRNI,0.08,50.35,0.186,12.03,0.518,27.08,0.937,16.36,0.700,77.60,1.594,2.54,0.037,-3.92,0.311,,
KM05,2009,43.704633,-88.088236,QURU,0.58,ACRU,0.13,50.24,0.123,15.92,0.381,36.21,0.729,22.23,0.618,86.80,1.951,2.57,0.028,-4.18,0.234,,
MN01,2008,47.651062,-91.418321,PIST,0.79,BEPA,0.15,50.80,0.224,17.11,0.697,44.63,1.348,26.78,0.905,313.44,7.800,1.44,0.036,-1.56,0.310,,
MN02,2008,47.655830,-91.446190,PIBA,0.46,ABBA,0.32,51.02,0.104,20.30,0.444,45.31,0.923,25.92,0.567,159.83,2.899,1.65,0.042,-4.32,0.265,,
MN03,2008,47.740875,-91.511544,PIRE,0.93,PIGL,0.05,50.10,0.122,22.45,0.485,50.80,0.927,27.80,0.743,207.35,1.419,1.11,0.015,-3.59,0.346,,
MN04,2008,47.740664,-91.574093,PIMA,0.99,ALIN,0.01,50.62,0.121,21.51,0.518,48.34,0.904,25.95,0.637,221.80,1.989,0.97,0.017,-6.26,0.308,,
MN05,2008,47.408030,-91.294432,POTR,0.78,BEPA,0.15,50.79,0.142,17.66,0.841,35.24,1.297,26.67,1.010,88.91,1.045,2.70,0.036,-2.11,0.319,,
MN06,2008,47.386867,-91.232320,FRNI,0.73,ACSP,0.08,48.23,0.169,11.96,0.410,28.35,0.695,17.11,0.668,87.07,2.226,2.86,0.039,-0.74,0.307,,
MN07,2008,47.497285,-91.288505,THOC,0.92,PIMA,0.05,49.03,0.187,14.83,0.289,37.05,0.629,21.89,0.579,191.42,2.588,0.97,0.029,-4.79,0.300,,
MN08,2008,47.535308,-91.314252,PIMA,0.93,LALA,0.07,50.55,0.113,22.48,0.366,50.24,0.551,27.10,0.460,177.75,1.364,1.06,0.021,-5.83,0.206,,
MN09,2008,47.502457,-91.280608,ACSM,0.74,BEAL,0.12,49.55,0.112,13.31,0.392,27.42,0.735,13.91,0.760,79.71,2.355,2.42,0.025,-3.70,0.228,,
NC01,2008,45.624196,-90.782898,POTR,0.28,ACSM,0.27,49.47,0.124,17.49,0.417,36.86,0.733,22.85,0.575,60.01,0.685,2.59,0.045,-3.22,0.200,,
NC02,2008,45.628044,-90.793649,ACSM,0.38,TSCA,0.32,49.70,0.120,14.36,0.417,30.71,0.815,16.79,0.600,89.79,3.022,2.01,0.023,-4.56,0.287,,
NC03,2008,45.618090,-90.781750,ACSM,0.48,FRAM,0.30,48.56,0.164,17.61,0.441,35.74,0.943,18.98,0.700,60.78,1.458,2.49,0.056,-4.14,0.247,,
NC04,2008,45.623890,-90.775306,ACSM,0.62,FRAM,0.21,48.51,0.155,17.79,0.398,36.60,0.797,20.15,0.617,64.72,0.599,2.48,0.050,-3.84,0.276,,
NC05,2008,45.940320,-90.260770,ACSM,0.60,ABBA,0.19,49.07,0.145,13.20,0.331,28.07,0.627,14.06,0.528,91.67,2.171,1.68,0.038,-4.09,0.246,,
NC06,2008,45.943170,-90.231660,PIRE,0.93,ACRU,0.03,50.53,1.316,19.09,1.210,48.28,1.885,27.38,1.552,182.53,12.706,1.37,0.212,-1.99,1.334,,
NC07,2008,45.975752,-90.219528,POTR,0.93,PIRE,0.05,51.83,0.193,18.28,0.959,36.79,1.487,28.64,1.183,81.20,2.129,2.39,0.036,-1.61,0.359,,
NC08,2008,45.948168,-90.276255,LALA,0.85,PIMA,0.15,50.18,0.177,20.00,0.764,50.63,1.437,30.53,0.662,173.68,2.748,1.42,0.028,-6.21,0.486,,
NC09,2008,45.971386,-90.284027,FRNI,0.75,ABBA,0.11,47.74,0.199,14.39,0.407,33.13,0.761,18.56,0.651,92.19,3.665,2.78,0.058,-0.91,0.339,,
NC10,2008,45.958327,-90.225744,LALA,0.94,ACRU,0.02,50.14,0.653,18.99,1.397,49.71,2.735,30.63,2.094,163.50,28.697,1.57,0.357,-5.80,1.233,,
NC11,2008,45.978107,-90.229292,ACSM,0.91,TIAM,0.06,49.36,0.130,12.87,0.280,29.46,0.684,16.28,0.476,79.95,1.481,2.14,0.018,-4.06,0.187,,
NC12,2008,45.951767,-90.250861,PIBA,0.97,PRUNUS,0.03,50.48,0.108,22.54,0.419,53.01,0.884,29.79,0.696,182.36,2.081,1.58,0.018,-4.90,0.302,,
NC13,2008,45.961481,-90.234778,PIRE,0.89,ACRU,0.06,51.25,0.100,18.70,0.377,46.98,0.671,26.44,0.551,181.34,2.299,1.46,0.017,-2.59,0.281,,
NC14,2008,45.965706,-90.317748,ABBA,0.67,POTR,0.10,51.19,0.119,16.00,0.344,35.41,0.588,20.22,0.481,161.63,2.898,1.47,0.038,-4.50,0.250,,
NC15,2010,45.980700,-90.232637,ACSM,0.72,TIAM,0.22,48.32,0.220,11.91,0.485,27.74,0.802,14.80,0.772,56.26,0.913,1.76,0.061,-3.95,0.417,,
NC16,2010,45.958567,-90.244012,PIBA,0.84,PIRE,0.08,49.82,0.215,20.10,0.691,49.50,1.100,29.23,0.931,182.62,2.162,1.81,0.030,-4.01,0.492,,
NC17,2010,45.944751,-90.259093,ACSM,0.62,TIAM,0.25,46.94,0.200,11.39,0.564,23.33,0.914,10.53,0.751,58.11,0.816,2.05,0.031,-2.08,0.342,,
NC18,2010,45.959310,-90.264543,PIST,0.84,ACSM,0.06,50.27,0.226,14.56,0.615,39.72,1.272,26.56,0.966,168.36,2.433,1.65,0.029,0.38,0.595,,
NC19,2010,45.936436,-90.199670,PIRE,0.85,ABBA,0.08,49.33,0.233,19.35,0.655,49.18,1.238,28.10,0.929,173.35,2.429,1.16,0.038,-1.01,0.509,,
NC20,2010,45.979638,-90.259819,PIST,0.69,BEAL,0.17,49.51,0.142,17.10,0.425,41.26,0.898,24.73,0.571,153.56,3.639,1.79,0.031,-1.46,0.347,,
NC21,2010,45.970567,-90.267623,POTR,0.70,ABBA,0.24,50.20,0.183,15.91,0.730,35.22,1.236,25.50,1.018,102.64,5.783,2.15,0.044,-2.24,0.370,,
NC22,2010,45.805295,-90.080496,ACSM,0.61,FRAM,0.20,47.91,0.205,11.86,0.452,25.71,0.934,13.70,0.713,97.08,2.867,2.05,0.072,-3.21,0.234,,
NC23,2010,45.802666,-90.079725,QURU,0.69,ACSM,0.21,48.96,0.135,15.33,0.350,34.62,0.667,21.58,0.544,88.64,1.944,2.54,0.035,-3.26,0.245,,
OF01,2009,46.193518,-89.241465,TSCA,0.64,BEAL,0.17,49.96,0.201,11.95,0.971,25.07,1.638,13.25,1.147,98.29,2.051,1.89,0.040,-4.37,0.558,,
OF02,2009,46.346779,-89.181233,PIRE,0.99,ACRU,0.01,50.76,0.144,21.04,0.487,47.30,0.919,24.80,0.735,196.86,1.338,1.26,0.017,-2.11,0.358,,
OF03,2009,46.240058,-89.350798,TSCA,0.69,BEAL,0.16,50.19,0.235,10.26,1.098,23.35,1.845,13.06,1.360,122.67,2.549,1.72,0.048,-4.52,0.645,,
OF04,2009,46.267401,-89.301404,ACSM,0.99,THOC,0.01,49.23,0.203,16.56,0.615,29.32,1.114,13.05,0.888,58.15,0.957,1.97,0.024,-4.99,0.382,,
OF05,2009,46.302286,-89.238086,POTR,0.76,ABBA,0.08,50.57,0.203,20.70,0.847,41.80,1.336,30.34,1.060,80.79,1.398,2.70,0.025,-2.63,0.381,,
PB01,2008,46.787922,-90.969151,TSCA,0.61,ACSM,0.29,49.69,0.109,15.11,0.492,31.71,0.999,15.49,0.633,115.22,2.967,1.72,0.032,-4.22,0.269,,
PB02,2008,46.779315,-90.934084,ACSM,0.51,QURU,0.33,49.38,0.151,16.44,0.345,33.55,0.564,17.18,0.580,73.47,9.230,2.36,0.042,-4.33,0.210,,
PB03,2008,46.796110,-90.948644,POTR,0.91,TIAM,0.05,50.57,0.152,16.94,0.881,32.98,1.483,25.44,1.030,71.05,0.886,2.56,0.033,-2.22,0.301,,
PB04,2008,46.762840,-90.955950,PIST,0.58,PIRE,0.30,50.78,0.125,18.60,0.399,43.87,0.688,23.82,0.505,167.79,3.235,1.31,0.024,-3.29,0.257,,
PB05,2008,46.352442,-91.661389,PIBA,0.85,QUMA,0.13,50.78,0.105,22.44,0.530,52.68,0.989,29.41,0.766,194.28,3.416,1.56,0.034,-4.72,0.371,,
PB06,2008,46.351951,-91.654452,PIRE,0.96,QUMA,0.04,51.72,0.151,19.84,0.505,47.90,0.870,25.94,0.740,224.53,1.624,1.17,0.021,-1.66,0.390,,
PB07,2008,46.440213,-91.467617,PIBA,0.73,AMEL,0.18,51.35,0.125,20.47,0.578,50.92,1.128,29.33,0.858,179.41,2.273,1.66,0.038,-4.70,0.413,,
PB08,2008,46.442723,-91.490466,PIBA,0.96,BENI,0.02,50.11,0.187,21.28,0.738,52.09,1.367,30.57,1.043,175.93,1.463,1.26,0.030,-3.80,0.489,,
PB09,2008,46.432514,-91.519893,PIBA,1.00,,NA,50.63,0.116,22.07,0.472,51.90,0.895,29.68,0.790,177.71,1.011,1.43,0.017,-4.44,0.347,,
PB10,2008,46.433084,-91.547574,PIBA,1.00,,NA,51.37,0.129,20.78,0.755,50.39,1.345,28.96,1.108,177.02,1.361,1.41,0.018,-4.82,0.495,,
PB11,2008,45.691362,-92.831641,PIBA,0.52,QUEL,0.28,50.61,0.089,19.84,0.347,46.39,0.848,26.83,0.654,150.63,5.183,2.19,0.103,-4.50,0.232,,
PB12,2008,45.940532,-92.478034,QUEL,0.75,ACRU,0.14,50.02,0.105,15.43,0.343,34.06,0.581,19.48,0.626,84.56,1.053,3.09,0.031,-3.84,0.284,,
PB13,2008,46.136704,-91.989182,PIBA,1.00,,NA,51.39,0.130,19.55,0.683,51.27,1.348,30.26,0.963,190.12,1.123,1.64,0.014,-4.34,0.398,,
PB14,2010,46.430659,-91.529170,PIRE,1.00,,NA,51.49,0.331,19.49,0.772,47.28,1.356,25.68,0.518,223.05,7.931,1.17,0.101,-2.59,1.354,,
PM01,2009,46.707029,-89.776170,ACSM,0.79,FRNI,0.05,48.15,0.147,14.73,0.339,26.38,0.769,12.79,0.649,62.70,0.927,2.18,0.029,-4.03,0.280,,
PM02,2009,46.725868,-89.915098,TSCA,0.51,ACSM,0.29,49.53,0.174,13.18,0.614,29.36,1.188,16.21,0.833,104.55,2.884,2.07,0.028,-4.16,0.363,,
PM03,2009,46.743029,-89.760362,ACSM,0.78,BEAL,0.09,48.71,0.190,15.07,0.456,26.21,1.003,12.44,0.859,53.20,2.409,2.20,0.044,-4.34,0.379,,
PM04,2009,46.743458,-89.775531,ACSM,0.69,QURU,0.22,49.00,0.127,14.77,0.336,28.02,0.758,14.50,0.652,51.88,1.635,2.52,0.020,-3.72,0.278,,
PM05,2009,46.697942,-89.962111,TSCA,0.70,BEAL,0.14,49.89,0.191,13.72,0.955,28.49,1.580,14.78,1.129,128.34,2.332,1.61,0.043,-5.01,0.534,,
SF01,2009,47.838453,-91.674762,PIMA,0.95,ALIN,0.05,50.87,0.158,19.85,0.613,42.06,0.976,22.50,0.806,205.90,1.809,1.03,0.024,-6.01,0.378,,
SF02,2009,47.807786,-91.744473,PIRE,0.89,ABBA,0.06,50.34,0.122,19.97,0.430,46.83,0.798,26.01,0.658,208.47,2.413,1.29,0.014,-2.94,0.322,,
SF03,2009,47.774543,-92.458612,POTR,0.84,ABBA,0.11,50.14,0.182,17.87,0.812,35.50,1.307,26.32,1.030,88.02,2.072,2.45,0.033,-2.48,0.374,,
SF04,2009,47.752932,-92.469191,THOC,0.69,ABBA,0.20,50.18,0.189,16.36,0.467,40.80,0.852,25.74,0.707,179.23,1.936,1.39,0.031,-4.12,0.326,,
SF05,2009,47.837012,-91.637657,PIBA,0.76,ABBA,0.12,50.78,0.099,21.85,0.468,50.13,0.957,28.19,0.737,180.25,2.204,1.56,0.020,-4.78,0.308,,
SR01,2009,39.611706,-79.083810,TSCA,0.40,ACSM,0.25,49.73,0.173,15.23,0.379,35.12,2.358,19.97,2.104,97.13,8.622,1.89,0.093,-5.23,0.766,,
SR02,2009,39.611925,-79.085442,ACSM,0.44,TIAM,0.25,49.16,0.474,14.51,0.495,33.90,1.030,19.70,0.899,72.03,6.508,2.57,0.119,-3.64,0.612,,
SR03,2009,39.557244,-79.209824,NYSY,0.29,QUPR,0.24,49.87,0.438,14.38,0.827,32.06,1.367,17.97,1.193,80.61,8.769,2.45,0.108,-3.64,0.453,,
SR04,2009,39.569988,-79.200381,ACRU,0.48,ACSM,0.19,50.53,0.485,14.07,0.931,32.23,0.991,17.87,1.242,73.88,11.769,2.20,0.092,-3.84,0.458,,
SR05,2009,39.575784,-79.200166,ACSM,0.50,HAVI,0.18,49.57,0.229,14.35,0.611,32.14,1.252,18.22,1.067,66.74,6.972,2.30,0.143,-4.01,0.781,,
SR07,2009,39.592356,-79.183151,LITU,0.28,ACRU,0.21,49.03,0.295,14.49,0.538,34.43,1.530,20.64,1.416,78.66,8.674,2.46,0.094,-2.88,0.451,,
SR09,2009,39.634570,-79.143510,ACRU,0.24,NYSY,0.24,49.71,0.312,14.35,0.632,32.65,1.128,18.52,1.028,79.07,7.289,2.47,0.086,-3.92,0.399,,
SR10,2009,39.575589,-79.085739,PIST,0.81,ACRU,0.16,51.08,0.467,16.93,1.663,45.39,2.784,28.44,1.603,141.77,26.289,1.42,0.031,-1.45,0.998,,
SR13,2009,39.536976,-79.067071,PIST,0.87,FRAM,0.09,50.90,0.489,17.66,1.815,47.67,2.942,29.97,1.743,145.59,29.221,1.42,0.040,-1.15,1.074,,
SR15,2009,39.532904,-79.142302,ACRU,0.29,ACSM,0.25,49.85,0.356,14.43,0.658,32.35,0.995,18.38,0.962,65.93,8.801,2.28,0.094,-4.00,0.553,,
